来源类别,平台,来源名称,URL/入口,目标用户,是否候选,是否可持续追踪,追踪频率,关键信息,备注,_row,监控优先级分,日报层级,情报大类,信息价值,采集策略,备用URL,证据角色,面板分类,新版分类,子分类,时效规则,面板类别,品牌
竞品官网,Official Website,ExpressVPN 官方博客 Latest,https://www.expressvpn.com/blog/category/latest/,竞品/市场/产品团队,是,是,每日,ExpressVPN 官方博客 latest posts、产品/品牌/安全更新,竞品官方网站内容,1,10,核心日报源,竞品动态,一手更新、发布时间、来源链接,官方网页/RSS/博客页；只保留可识别发布时间/更新时间的官方内容,,竞品官方动态,竞品动态,竞品动态,,仅收录过去 36 小时且有准确发布时间的条目；无日期/过期内容只进入状态区,竞品动态,
竞品官网,Official Website,Proton VPN 官方博客 Latest,https://protonvpn.com/blog/all,竞品/市场/产品团队,是,是,每日,Proton VPN 官方博客最新文章、隐私/产品/研究更新,竞品官方网站内容,2,10,核心日报源,竞品动态,一手更新、发布时间、来源链接,官方网页/RSS/博客页；只保留可识别发布时间/更新时间的官方内容,,竞品官方动态,竞品动态,竞品动态,,仅收录过去 36 小时且有准确发布时间的条目；无日期/过期内容只进入状态区,竞品动态,
竞品官网/博客,RSS,Proton VPN official blog feed,https://protonvpn.com/blog/feed,竞品研究/产品/市场团队,是,是,每日,官方发布、产品更新、功能公告、价格/包装变化、品牌叙事,Proton VPN 官方博客 RSS，含发布时间,3,9,核心日报源,竞品动态,竞品官方动态和可验证事实,官方网页/RSS/博客页；只保留可识别发布时间/更新时间的官方内容,,竞品官方动态,竞品动态,竞品动态,,仅收录过去 36 小时且有准确发布时间的条目；无日期/过期内容只进入状态区,竞品动态,
竞品官网,Official Website,Surfshark 官方博客 News,https://surfshark.com/blog/category/surfshark-news,竞品/市场/产品团队,是,是,每日,Surfshark 官方新闻、产品和公司动态,竞品官方网站内容,4,9,核心日报源,竞品动态,一手更新、发布时间、来源链接,官方网页/RSS/博客页；只保留可识别发布时间/更新时间的官方内容,,竞品官方动态,竞品动态,竞品动态,,仅收录过去 36 小时且有准确发布时间的条目；无日期/过期内容只进入状态区,竞品动态,
竞品官网/博客,Official Website,Windscribe official blog,https://windscribe.com/blog/,竞品研究/产品/市场团队,是,是,每日,官方发布、产品更新、功能公告、价格/包装变化、品牌叙事,Windscribe 官方博客与产品公告,5,9,核心日报源,竞品动态,竞品官方动态和可验证事实,官方网页/RSS/博客页；只保留可识别发布时间/更新时间的官方内容,,竞品官方动态,竞品动态,竞品动态,,仅收录过去 36 小时且有准确发布时间的条目；无日期/过期内容只进入状态区,竞品动态,
第三方,Other,Air VPN,https://airvpn.org/forums/forum/2-general-suggestions/,相关产品用户,是,是,每周,补充并评估是否可持续,竞品官方域名上的论坛/社区内容，非官方公告，放入第三方网站观察,63,8,核心日报源,第三方网站,低频补充、异常信号、候选来源,官方博客/公告/状态页 HTML 或 RSS；无明确发布日期不入面板。,,竞品官方动态,第三方网站,第三方网站,论坛/社区,仅收录过去 36 小时且有准确发布时间的条目；无日期/过期内容只进入状态区,竞品动态,AirVPN
竞品官方网站,Official Website,CyberGhost Privacy Hub,https://www.cyberghostvpn.com/en_US/privacyhub,竞品/行业观察,是,是,每日,官方发布、产品更新、政策/品牌口径、活动和安全说明,v3新增：用于五类面板的官方来源。只有带明确发布时间且符合新鲜度窗口的内容才进入主面板。,6,8,核心日报源,竞品动态,官方一手来源，用于确认竞品动态或官方社媒动态,官方网页/RSS/博客页；只保留可识别发布时间/更新时间的官方内容,,竞品官方动态,竞品动态,竞品动态,竞品官网,仅收录过去 36 小时且有准确发布时间的条目；无日期/过期内容只进入状态区,竞品动态,CyberGhost
竞品官方网站,Official Website,CyberGhost official privacy hub posts,https://www.cyberghostvpn.com/privacyhub/posts/,市场/产品/品牌团队,是,是,每日,CyberGhost 官方 Privacy Hub 与透明报告/隐私内容,竞品动态,101,8,核心日报源,竞品动态,一手来源,HTML/RSS；只纳入明确发布时间且仍在当前时效窗口内的内容,,竞品官方动态,竞品动态,竞品动态,,仅收录过去 36 小时且有准确发布时间的条目；无日期/过期内容只进入状态区,竞品动态,
竞品官方网站,Official Website,ExpressVPN Blog,https://www.expressvpn.com/blog/,竞品/行业观察,是,是,每日,官方发布、产品更新、政策/品牌口径、活动和安全说明,v3新增：用于五类面板的官方来源。只有带明确发布时间且符合新鲜度窗口的内容才进入主面板。,7,8,核心日报源,竞品动态,官方一手来源，用于确认竞品动态或官方社媒动态,官方网页/RSS/博客页；只保留可识别发布时间/更新时间的官方内容,,竞品官方动态,竞品动态,竞品动态,竞品官网,仅收录过去 36 小时且有准确发布时间的条目；无日期/过期内容只进入状态区,竞品动态,ExpressVPN
竞品官网,Official Website,ExpressVPN News,https://www.expressvpn.com/blog/category/expressvpn-news/,竞品/市场/产品团队,是,是,每日,竞品官方内容更新、产品功能、研究、新闻稿、隐私安全话术,ExpressVPN 官方新闻分类，重点跟踪产品/活动/研究,91,8,核心日报源,竞品动态,官方来源，适合识别竞品真实发布节奏与产品/品牌口径,抓取官方页面标题、文章链接和发布时间；超过时效窗口或无日期则不进重点卡,,竞品官方动态,竞品动态,竞品动态,,仅收录过去 36 小时且有准确发布时间的条目；无日期/过期内容只进入状态区,竞品动态,
竞品官方网站,Official Website,ExpressVPN Newsroom,https://www.expressvpn.com/newsroom/,竞品/行业观察,是,是,每日,官方发布、产品更新、政策/品牌口径、活动和安全说明,v3新增：用于五类面板的官方来源。只有带明确发布时间且符合新鲜度窗口的内容才进入主面板。,8,8,核心日报源,竞品动态,官方一手来源，用于确认竞品动态或官方社媒动态,官方网页/RSS/博客页；只保留可识别发布时间/更新时间的官方内容,,竞品官方动态,竞品动态,竞品动态,竞品官网,仅收录过去 36 小时且有准确发布时间的条目；无日期/过期内容只进入状态区,竞品动态,ExpressVPN
竞品官网,Official Website,ExpressVPN Press Room,https://www.expressvpn.com/press,竞品/市场/产品团队,是,是,每日,竞品官方内容更新、产品功能、研究、新闻稿、隐私安全话术,ExpressVPN 官方 Press Room 与新闻稿,92,8,核心日报源,竞品动态,官方来源，适合识别竞品真实发布节奏与产品/品牌口径,抓取官方页面标题、文章链接和发布时间；超过时效窗口或无日期则不进重点卡,,竞品官方动态,竞品动态,竞品动态,,仅收录过去 36 小时且有准确发布时间的条目；无日期/过期内容只进入状态区,竞品动态,
竞品官方网站,Official Website,Mullvad Blog,https://mullvad.net/en/blog,竞品/行业观察,是,是,每日,官方发布、产品更新、政策/品牌口径、活动和安全说明,v3新增：用于五类面板的官方来源。只有带明确发布时间且符合新鲜度窗口的内容才进入主面板。,9,8,核心日报源,竞品动态,官方一手来源，用于确认竞品动态或官方社媒动态,官方网页/RSS/博客页；只保留可识别发布时间/更新时间的官方内容,,竞品官方动态,竞品动态,竞品动态,竞品官网,仅收录过去 36 小时且有准确发布时间的条目；无日期/过期内容只进入状态区,竞品动态,Mullvad
竞品官方网站,Official Website,Mullvad official news,https://mullvad.net/en/blog/tag/news,市场/产品/品牌团队,是,是,每日,Mullvad 官方新闻与政策/产品公告,竞品动态,99,8,核心日报源,竞品动态,一手来源,HTML/RSS；只纳入明确发布时间且仍在当前时效窗口内的内容,,竞品官方动态,竞品动态,竞品动态,,仅收录过去 36 小时且有准确发布时间的条目；无日期/过期内容只进入状态区,竞品动态,
竞品官方网站,Official Website,NordVPN Blog,https://nordvpn.com/blog/,竞品/行业观察,是,是,每日,官方发布、产品更新、政策/品牌口径、活动和安全说明,v3新增：用于五类面板的官方来源。只有带明确发布时间且符合新鲜度窗口的内容才进入主面板。,10,8,核心日报源,竞品动态,官方一手来源，用于确认竞品动态或官方社媒动态,官方网页/RSS/博客页；只保留可识别发布时间/更新时间的官方内容,,竞品官方动态,竞品动态,竞品动态,竞品官网,仅收录过去 36 小时且有准确发布时间的条目；无日期/过期内容只进入状态区,竞品动态,NordVPN
竞品官方网站,Official Website,NordVPN Newsroom,https://nordvpn.com/newsroom/,竞品/行业观察,是,是,每日,官方发布、产品更新、政策/品牌口径、活动和安全说明,v3新增：用于五类面板的官方来源。只有带明确发布时间且符合新鲜度窗口的内容才进入主面板。,11,8,核心日报源,竞品动态,官方一手来源，用于确认竞品动态或官方社媒动态,官方网页/RSS/博客页；只保留可识别发布时间/更新时间的官方内容,,竞品官方动态,竞品动态,竞品动态,竞品官网,仅收录过去 36 小时且有准确发布时间的条目；无日期/过期内容只进入状态区,竞品动态,NordVPN
竞品官网,Official Website,NordVPN Press Area,https://nordvpn.com/press-area/,竞品/市场/产品团队,是,是,每日,竞品官方内容更新、产品功能、研究、新闻稿、隐私安全话术,NordVPN 官方新闻室/媒体资源，跟踪研究与新闻稿,90,8,核心日报源,竞品动态,官方来源，适合识别竞品真实发布节奏与产品/品牌口径,抓取官方页面标题、文章链接和发布时间；超过时效窗口或无日期则不进重点卡,,竞品官方动态,竞品动态,竞品动态,,仅收录过去 36 小时且有准确发布时间的条目；无日期/过期内容只进入状态区,竞品动态,
竞品官网,Official Website,NordVPN Status,https://status.nordvpn.com/,竞品/市场/产品团队,是,是,每日,NordVPN 官方状态页,NordVPN 官方状态页,12,8,核心日报源,竞品动态,竞品官方更新/官方账号动向,官方网页/RSS/博客页；只保留可识别发布时间/更新时间的官方内容,,竞品官方动态,竞品动态,竞品动态,NordVPN Status,仅收录过去 36 小时且有准确发布时间的条目；无日期/过期内容只进入状态区,竞品动态,NordVPN
竞品官方网站,Official Website,Private Internet Access Blog,https://www.privateinternetaccess.com/blog/,竞品/行业观察,是,是,每日,官方发布、产品更新、政策/品牌口径、活动和安全说明,v3新增：用于五类面板的官方来源。只有带明确发布时间且符合新鲜度窗口的内容才进入主面板。,13,8,核心日报源,竞品动态,官方一手来源，用于确认竞品动态或官方社媒动态,官方网页/RSS/博客页；只保留可识别发布时间/更新时间的官方内容,,竞品官方动态,竞品动态,竞品动态,竞品官网,仅收录过去 36 小时且有准确发布时间的条目；无日期/过期内容只进入状态区,竞品动态,Private Internet Access
竞品官方网站,Official Website,Private Internet Access official news,https://www.privateinternetaccess.com/blog/category/news/,市场/产品/品牌团队,是,是,每日,PIA 官方新闻与隐私安全内容,竞品动态,100,8,核心日报源,竞品动态,一手来源,HTML/RSS；只纳入明确发布时间且仍在当前时效窗口内的内容,,竞品官方动态,竞品动态,竞品动态,,仅收录过去 36 小时且有准确发布时间的条目；无日期/过期内容只进入状态区,竞品动态,
竞品官方网站,Official Website,Proton VPN Blog,https://protonvpn.com/blog,竞品/行业观察,是,是,每日,官方发布、产品更新、政策/品牌口径、活动和安全说明,v3新增：用于五类面板的官方来源。只有带明确发布时间且符合新鲜度窗口的内容才进入主面板。,14,8,核心日报源,竞品动态,官方一手来源，用于确认竞品动态或官方社媒动态,官方网页/RSS/博客页；只保留可识别发布时间/更新时间的官方内容,,竞品官方动态,竞品动态,竞品动态,竞品官网,仅收录过去 36 小时且有准确发布时间的条目；无日期/过期内容只进入状态区,竞品动态,Proton VPN
竞品官方网站,Official Website,Surfshark Blog,https://surfshark.com/blog,竞品/行业观察,是,是,每日,官方发布、产品更新、政策/品牌口径、活动和安全说明,v3新增：用于五类面板的官方来源。只有带明确发布时间且符合新鲜度窗口的内容才进入主面板。,15,8,核心日报源,竞品动态,官方一手来源，用于确认竞品动态或官方社媒动态,官方网页/RSS/博客页；只保留可识别发布时间/更新时间的官方内容,,竞品官方动态,竞品动态,竞品动态,竞品官网,仅收录过去 36 小时且有准确发布时间的条目；无日期/过期内容只进入状态区,竞品动态,Surfshark
竞品官网,Official Website,Surfshark News,https://surfshark.com/blog/news,竞品/市场/产品团队,是,是,每日,竞品官方内容更新、产品功能、研究、新闻稿、隐私安全话术,Surfshark 官方 News 分类，优先跟踪新闻/产品/研究,93,8,核心日报源,竞品动态,官方来源，适合识别竞品真实发布节奏与产品/品牌口径,抓取官方页面标题、文章链接和发布时间；超过时效窗口或无日期则不进重点卡,,竞品官方动态,竞品动态,竞品动态,,仅收录过去 36 小时且有准确发布时间的条目；无日期/过期内容只进入状态区,竞品动态,
竞品官方网站,Official Website,Surfshark Research,https://surfshark.com/research,竞品/行业观察,是,是,每日,官方发布、产品更新、政策/品牌口径、活动和安全说明,v3新增：用于五类面板的官方来源。只有带明确发布时间且符合新鲜度窗口的内容才进入主面板。,16,8,核心日报源,竞品动态,官方一手来源，用于确认竞品动态或官方社媒动态,官方网页/RSS/博客页；只保留可识别发布时间/更新时间的官方内容,,竞品官方动态,竞品动态,竞品动态,竞品官网,仅收录过去 36 小时且有准确发布时间的条目；无日期/过期内容只进入状态区,竞品动态,Surfshark
竞品官网,Official Website,TunnelBear Blog,https://www.tunnelbear.com/blog/,竞品/市场/产品团队,是,是,每日,TunnelBear 官方博客,TunnelBear 官方博客,17,8,核心日报源,竞品动态,竞品官方更新/官方账号动向,官方网页/RSS/博客页；只保留可识别发布时间/更新时间的官方内容,,竞品官方动态,竞品动态,竞品动态,TunnelBear,仅收录过去 36 小时且有准确发布时间的条目；无日期/过期内容只进入状态区,竞品动态,
竞品官方网站,Official Website,Windscribe Blog,https://blog.windscribe.com/,竞品/行业观察,是,是,每日,官方发布、产品更新、政策/品牌口径、活动和安全说明,v3新增：用于五类面板的官方来源。只有带明确发布时间且符合新鲜度窗口的内容才进入主面板。,18,8,核心日报源,竞品动态,官方一手来源，用于确认竞品动态或官方社媒动态,官方网页/RSS/博客页；只保留可识别发布时间/更新时间的官方内容,,竞品官方动态,竞品动态,竞品动态,竞品官网,仅收录过去 36 小时且有准确发布时间的条目；无日期/过期内容只进入状态区,竞品动态,Windscribe
竞品官方网站,Official Website,Windscribe official announcements,https://windscribe.com/blog/tag/announcements/,市场/产品/品牌团队,是,是,每日,Windscribe 官方公告,竞品动态,98,8,核心日报源,竞品动态,一手来源,HTML/RSS；只纳入明确发布时间且仍在当前时效窗口内的内容,,竞品官方动态,竞品动态,竞品动态,,仅收录过去 36 小时且有准确发布时间的条目；无日期/过期内容只进入状态区,竞品动态,
竞品官方社媒,X/Twitter,CyberGhost official X,https://x.com/CyberGhost_EN,市场/产品/品牌团队,是,是,每日,CyberGhost 官方 X 账号,社交媒体,103,8,周更重点源,社交媒体,一手来源,需要官方平台 API 或第三方社媒监听；无 API 时不抓取旧内容、不进入当日要点,,竞品官方社媒,社交媒体,社交媒体,,仅收录过去 36 小时且有准确发布时间的条目；无日期/过期内容只进入状态区,社交媒体,
竞品官方社媒,X/Twitter,ExpressVPN official X,https://x.com/expressvpn,竞品/行业观察,是,是,每日,官方发布、产品更新、政策/品牌口径、活动和安全说明,v3新增：竞品官方 X 账号；建议配置 X_BEARER_TOKEN 后抓取最近官方帖。,19,8,核心日报源,社交媒体,官方一手来源，用于确认竞品动态或官方社媒动态,官方账号需 API/监听工具或 manual_inputs.csv 补当天帖；必须有准确发布时间和原帖链接,,竞品官方社媒,社交媒体,社交媒体,竞品官方账号,仅收录过去 36 小时且有准确发布时间的条目；无日期/过期内容只进入状态区,社交媒体,ExpressVPN
竞品官方社媒,YouTube,ExpressVPN official YouTube,https://www.youtube.com/@ExpressVPN,社媒/品牌/竞品研究团队,是,是,每日,竞品官方社媒发布、活动、品牌口径、用户互动,竞品官方账号；网页抓取通常受限，建议用 API/监听工具或手工补当天帖,20,8,核心日报源,社交媒体,官方即时口径与活动信号,官方账号需 API/监听工具或 manual_inputs.csv 补当天帖；必须有准确发布时间和原帖链接,,竞品官方社媒,社交媒体,社交媒体,,仅收录过去 36 小时且有准确发布时间的条目；无日期/过期内容只进入状态区,社交媒体,
竞品官方社媒,X/Twitter,Mullvad official X,https://x.com/mullvadnet,竞品/行业观察,是,是,每日,官方发布、产品更新、政策/品牌口径、活动和安全说明,v3新增：竞品官方 X 账号；建议配置 X_BEARER_TOKEN 后抓取最近官方帖。,21,8,核心日报源,社交媒体,官方一手来源，用于确认竞品动态或官方社媒动态,官方账号需 API/监听工具或 manual_inputs.csv 补当天帖；必须有准确发布时间和原帖链接,,竞品官方社媒,社交媒体,社交媒体,竞品官方账号,仅收录过去 36 小时且有准确发布时间的条目；无日期/过期内容只进入状态区,社交媒体,Mullvad
竞品官方社媒,X/Twitter,NordVPN official X,https://x.com/NordVPN,竞品/行业观察,是,是,每日,官方发布、产品更新、政策/品牌口径、活动和安全说明,v3新增：竞品官方 X 账号；建议配置 X_BEARER_TOKEN 后抓取最近官方帖。,22,8,核心日报源,社交媒体,官方一手来源，用于确认竞品动态或官方社媒动态,官方账号需 API/监听工具或 manual_inputs.csv 补当天帖；必须有准确发布时间和原帖链接,,竞品官方社媒,社交媒体,社交媒体,竞品官方账号,仅收录过去 36 小时且有准确发布时间的条目；无日期/过期内容只进入状态区,社交媒体,NordVPN
竞品官方社媒,YouTube,NordVPN official YouTube,https://www.youtube.com/@NordVPN,社媒/品牌/竞品研究团队,是,是,每日,竞品官方社媒发布、活动、品牌口径、用户互动,竞品官方账号；网页抓取通常受限，建议用 API/监听工具或手工补当天帖,23,8,核心日报源,社交媒体,官方即时口径与活动信号,官方账号需 API/监听工具或 manual_inputs.csv 补当天帖；必须有准确发布时间和原帖链接,,竞品官方社媒,社交媒体,社交媒体,,仅收录过去 36 小时且有准确发布时间的条目；无日期/过期内容只进入状态区,社交媒体,
竞品官方社媒,X/Twitter,PIA official X,https://x.com/PIAprivacy,市场/产品/品牌团队,是,是,每日,Private Internet Access 官方 X 账号,社交媒体,102,8,周更重点源,社交媒体,一手来源,需要官方平台 API 或第三方社媒监听；无 API 时不抓取旧内容、不进入当日要点,,竞品官方社媒,社交媒体,社交媒体,,仅收录过去 36 小时且有准确发布时间的条目；无日期/过期内容只进入状态区,社交媒体,
竞品官方社媒,X/Twitter,Proton VPN official X,https://x.com/ProtonVPN,竞品/行业观察,是,是,每日,官方发布、产品更新、政策/品牌口径、活动和安全说明,v3新增：竞品官方 X 账号；建议配置 X_BEARER_TOKEN 后抓取最近官方帖。,24,8,核心日报源,社交媒体,官方一手来源，用于确认竞品动态或官方社媒动态,官方账号需 API/监听工具或 manual_inputs.csv 补当天帖；必须有准确发布时间和原帖链接,,竞品官方社媒,社交媒体,社交媒体,竞品官方账号,仅收录过去 36 小时且有准确发布时间的条目；无日期/过期内容只进入状态区,社交媒体,Proton VPN
竞品官方社媒,YouTube,Proton VPN official YouTube,https://www.youtube.com/@ProtonVPN,社媒/品牌/竞品研究团队,是,是,每日,竞品官方社媒发布、活动、品牌口径、用户互动,竞品官方账号；网页抓取通常受限，建议用 API/监听工具或手工补当天帖,25,8,核心日报源,社交媒体,官方即时口径与活动信号,官方账号需 API/监听工具或 manual_inputs.csv 补当天帖；必须有准确发布时间和原帖链接,,竞品官方社媒,社交媒体,社交媒体,,仅收录过去 36 小时且有准确发布时间的条目；无日期/过期内容只进入状态区,社交媒体,
竞品官方社媒,X/Twitter,Surfshark official X,https://x.com/surfshark,竞品/行业观察,是,是,每日,官方发布、产品更新、政策/品牌口径、活动和安全说明,v3新增：竞品官方 X 账号；建议配置 X_BEARER_TOKEN 后抓取最近官方帖。,26,8,核心日报源,社交媒体,官方一手来源，用于确认竞品动态或官方社媒动态,官方账号需 API/监听工具或 manual_inputs.csv 补当天帖；必须有准确发布时间和原帖链接,,竞品官方社媒,社交媒体,社交媒体,竞品官方账号,仅收录过去 36 小时且有准确发布时间的条目；无日期/过期内容只进入状态区,社交媒体,Surfshark
竞品官方社媒,YouTube,Surfshark official YouTube,https://www.youtube.com/@Surfshark,社媒/品牌/竞品研究团队,是,是,每日,竞品官方社媒发布、活动、品牌口径、用户互动,竞品官方账号；网页抓取通常受限，建议用 API/监听工具或手工补当天帖,27,8,核心日报源,社交媒体,官方即时口径与活动信号,官方账号需 API/监听工具或 manual_inputs.csv 补当天帖；必须有准确发布时间和原帖链接,,竞品官方社媒,社交媒体,社交媒体,,仅收录过去 36 小时且有准确发布时间的条目；无日期/过期内容只进入状态区,社交媒体,
竞品官方社媒,X/Twitter,Windscribe official X,https://x.com/windscribecom,竞品/行业观察,是,是,每日,官方发布、产品更新、政策/品牌口径、活动和安全说明,v3新增：竞品官方 X 账号；建议配置 X_BEARER_TOKEN 后抓取最近官方帖。,28,8,核心日报源,社交媒体,官方一手来源，用于确认竞品动态或官方社媒动态,官方账号需 API/监听工具或 manual_inputs.csv 补当天帖；必须有准确发布时间和原帖链接,,竞品官方社媒,社交媒体,社交媒体,竞品官方账号,仅收录过去 36 小时且有准确发布时间的条目；无日期/过期内容只进入状态区,社交媒体,Windscribe
社区,Reddit,r/Express_VPN new,https://www.reddit.com/r/Express_VPN/new/,技术/隐私/价格敏感用户,是,是,每日,抓取最新帖子、搜索结果和评论标题，识别高频痛点,社区舆情/竞品口碑/用户需求,29,9,核心日报源,reddit讨论,竞品故障、价格、取消、节点、客服痛点,Reddit OAuth 优先；失败后尝试 public JSON、RSS、old.reddit；只保留时效窗口内且有发布时间的原帖,自动生成：OAuth / public JSON / .rss / old.reddit HTML,用户原帖/社区讨论,reddit讨论,reddit讨论,Reddit用户内容,仅收录过去 36 小时且有准确发布时间的条目；无日期/过期内容只进入状态区,reddit讨论,
社区,Reddit,r/ProtonVPN new,https://www.reddit.com/r/ProtonVPN/new/,技术/隐私/价格敏感用户,是,是,每日,抓取最新帖子、搜索结果和评论标题，识别高频痛点,社区舆情/竞品口碑/用户需求,30,9,核心日报源,reddit讨论,竞品故障、价格、取消、节点、客服痛点,Reddit OAuth 优先；失败后尝试 public JSON、RSS、old.reddit；只保留时效窗口内且有发布时间的原帖,自动生成：OAuth / public JSON / .rss / old.reddit HTML,用户原帖/社区讨论,reddit讨论,reddit讨论,Reddit用户内容,仅收录过去 36 小时且有准确发布时间的条目；无日期/过期内容只进入状态区,reddit讨论,Proton VPN
社区,Reddit,r/UniUK VPN search,https://www.reddit.com/r/UniUK/search/?q=VPN&restrict_sr=1&sort=new,技术/隐私/价格敏感用户,是,是,每日,抓取最新帖子、搜索结果和评论标题，识别高频痛点,社区舆情/竞品口碑/用户需求,31,9,核心日报源,reddit讨论,学生、价格、校园、真实使用场景,Reddit OAuth 优先；失败后尝试 public JSON、RSS、old.reddit；只保留时效窗口内且有发布时间的原帖,自动生成：OAuth / public JSON / .rss / old.reddit HTML,用户原帖/社区讨论,reddit讨论,reddit讨论,Reddit用户内容,仅收录过去 36 小时且有准确发布时间的条目；无日期/过期内容只进入状态区,reddit讨论,
社区,Reddit,r/VPN,https://www.reddit.com/r/VPN/,技术/隐私用户,是,是,每日,抓取高频问题,竞品口碑/故障/需求,32,9,核心日报源,reddit讨论,高频问题、真实痛点、需求语言,Reddit OAuth 优先；失败后尝试 public JSON、RSS、old.reddit；只保留时效窗口内且有发布时间的原帖,自动生成：OAuth / public JSON / .rss / old.reddit HTML,用户原帖/社区讨论,reddit讨论,reddit讨论,Reddit用户内容,仅收录过去 36 小时且有准确发布时间的条目；无日期/过期内容只进入状态区,reddit讨论,
社区,Reddit,r/VPN new,https://www.reddit.com/r/VPN/new/,技术/隐私/价格敏感用户,是,是,每日,抓取最新帖子、搜索结果和评论标题，识别高频痛点,社区舆情/竞品口碑/用户需求,33,9,核心日报源,reddit讨论,竞品故障、价格、取消、节点、客服痛点,Reddit OAuth 优先；失败后尝试 public JSON、RSS、old.reddit；只保留时效窗口内且有发布时间的原帖,自动生成：OAuth / public JSON / .rss / old.reddit HTML,用户原帖/社区讨论,reddit讨论,reddit讨论,Reddit用户内容,仅收录过去 36 小时且有准确发布时间的条目；无日期/过期内容只进入状态区,reddit讨论,
社区,Reddit,r/VPN_Question,https://www.reddit.com/r/VPN_Question/,技术/隐私用户,是,是,每日,抓取高频问题,竞品口碑/故障/需求,34,9,核心日报源,reddit讨论,高频问题、真实痛点、需求语言,Reddit OAuth 优先；失败后尝试 public JSON、RSS、old.reddit；只保留时效窗口内且有发布时间的原帖,自动生成：OAuth / public JSON / .rss / old.reddit HTML,用户原帖/社区讨论,reddit讨论,reddit讨论,Reddit用户内容,仅收录过去 36 小时且有准确发布时间的条目；无日期/过期内容只进入状态区,reddit讨论,
社区,Reddit,r/VPN_Question new,https://www.reddit.com/r/VPN_Question/new/,技术/隐私/价格敏感用户,是,是,每日,抓取最新帖子、搜索结果和评论标题，识别高频痛点,社区舆情/竞品口碑/用户需求,35,9,核心日报源,reddit讨论,高频问题、真实痛点、需求语言,Reddit OAuth 优先；失败后尝试 public JSON、RSS、old.reddit；只保留时效窗口内且有发布时间的原帖,自动生成：OAuth / public JSON / .rss / old.reddit HTML,用户原帖/社区讨论,reddit讨论,reddit讨论,Reddit用户内容,仅收录过去 36 小时且有准确发布时间的条目；无日期/过期内容只进入状态区,reddit讨论,
社区,Reddit,r/Windscribe,https://www.reddit.com/r/Windscribe/,相关产品用户,是,是,每日,补充并评估是否可持续,竞品消息,36,9,核心日报源,reddit讨论,竞品故障、价格、取消、节点、客服痛点,Reddit OAuth 优先；失败后尝试 public JSON、RSS、old.reddit；只保留时效窗口内且有发布时间的原帖,自动生成：OAuth / public JSON / .rss / old.reddit HTML,用户原帖/社区讨论,reddit讨论,reddit讨论,Reddit用户内容,仅收录过去 36 小时且有准确发布时间的条目；无日期/过期内容只进入状态区,reddit讨论,Windscribe
社区,Reddit,r/Windscribe new,https://www.reddit.com/r/Windscribe/new/,技术/隐私/价格敏感用户,是,是,每日,抓取最新帖子、搜索结果和评论标题，识别高频痛点,社区舆情/竞品口碑/用户需求,37,9,核心日报源,reddit讨论,竞品故障、价格、取消、节点、客服痛点,Reddit OAuth 优先；失败后尝试 public JSON、RSS、old.reddit；只保留时效窗口内且有发布时间的原帖,自动生成：OAuth / public JSON / .rss / old.reddit HTML,用户原帖/社区讨论,reddit讨论,reddit讨论,Reddit用户内容,仅收录过去 36 小时且有准确发布时间的条目；无日期/过期内容只进入状态区,reddit讨论,Windscribe
社区,Reddit,r/mullvadvpn new,https://www.reddit.com/r/mullvadvpn/new/,技术/隐私/价格敏感用户,是,是,每日,抓取最新帖子、搜索结果和评论标题，识别高频痛点,社区舆情/竞品口碑/用户需求,38,9,核心日报源,reddit讨论,竞品故障、价格、取消、节点、客服痛点,Reddit OAuth 优先；失败后尝试 public JSON、RSS、old.reddit；只保留时效窗口内且有发布时间的原帖,自动生成：OAuth / public JSON / .rss / old.reddit HTML,用户原帖/社区讨论,reddit讨论,reddit讨论,Reddit用户内容,仅收录过去 36 小时且有准确发布时间的条目；无日期/过期内容只进入状态区,reddit讨论,Mullvad
社区,Reddit,r/nordvpn new,https://www.reddit.com/r/nordvpn/new/,技术/隐私/价格敏感用户,是,是,每日,抓取最新帖子、搜索结果和评论标题，识别高频痛点,社区舆情/竞品口碑/用户需求,39,9,核心日报源,reddit讨论,竞品故障、价格、取消、节点、客服痛点,Reddit OAuth 优先；失败后尝试 public JSON、RSS、old.reddit；只保留时效窗口内且有发布时间的原帖,自动生成：OAuth / public JSON / .rss / old.reddit HTML,用户原帖/社区讨论,reddit讨论,reddit讨论,Reddit用户内容,仅收录过去 36 小时且有准确发布时间的条目；无日期/过期内容只进入状态区,reddit讨论,NordVPN
社区,Reddit,r/vpnreviews,https://www.reddit.com/r/vpnreviews/,技术/隐私用户,是,是,每日,记录价格/续费讨论,竞品口碑/故障/需求,40,9,核心日报源,reddit讨论,高频问题、真实痛点、需求语言,Reddit OAuth 优先；失败后尝试 public JSON、RSS、old.reddit；只保留时效窗口内且有发布时间的原帖,自动生成：OAuth / public JSON / .rss / old.reddit HTML,用户原帖/社区讨论,reddit讨论,reddit讨论,Reddit用户内容,仅收录过去 36 小时且有准确发布时间的条目；无日期/过期内容只进入状态区,reddit讨论,
社区,Reddit,r/VPNReviewHub,https://www.reddit.com/r/VPNReviewHub/,技术/隐私用户,是,是,每周,抓取最新帖子、搜索结果和评论标题，识别高频痛点,竞品口碑/故障/需求,41,8,核心日报源,reddit讨论,高频问题、真实痛点、需求语言,Reddit OAuth 优先；失败后尝试 public JSON、RSS、old.reddit；只保留时效窗口内且有发布时间的原帖,自动生成：OAuth / public JSON / .rss / old.reddit HTML,用户原帖/社区讨论,reddit讨论,reddit讨论,Reddit用户内容,仅收录过去 36 小时且有准确发布时间的条目；无日期/过期内容只进入状态区,reddit讨论,
社区,Reddit,r/expressvpn,https://www.reddit.com/r/Express_VPN/,相关产品用户,是,是,每周,补充并评估是否可持续,竞品消息,42,8,核心日报源,reddit讨论,竞品故障、价格、取消、节点、客服痛点,Reddit OAuth 优先；失败后尝试 public JSON、RSS、old.reddit；只保留时效窗口内且有发布时间的原帖,自动生成：OAuth / public JSON / .rss / old.reddit HTML,用户原帖/社区讨论,reddit讨论,reddit讨论,Reddit用户内容,仅收录过去 36 小时且有准确发布时间的条目；无日期/过期内容只进入状态区,reddit讨论,ExpressVPN
社区,Reddit,r/firefox,https://www.reddit.com/r/firefox/,相关产品用户,是,是,每周,抓取最新帖子、搜索结果和评论标题，识别高频痛点,竞品口碑/故障/需求,43,8,核心日报源,reddit讨论,高频问题、真实痛点、需求语言,Reddit OAuth 优先；失败后尝试 public JSON、RSS、old.reddit；只保留时效窗口内且有发布时间的原帖,自动生成：OAuth / public JSON / .rss / old.reddit HTML,用户原帖/社区讨论,reddit讨论,reddit讨论,Reddit用户内容,仅收录过去 36 小时且有准确发布时间的条目；无日期/过期内容只进入状态区,reddit讨论,
社区,Reddit,r/mullvadvpn,https://www.reddit.com/r/mullvadvpn/,相关产品用户,是,是,每周,抓取最新帖子、搜索结果和评论标题，识别高频痛点,竞品口碑/故障/需求,44,8,核心日报源,reddit讨论,竞品故障、价格、取消、节点、客服痛点,Reddit OAuth 优先；失败后尝试 public JSON、RSS、old.reddit；只保留时效窗口内且有发布时间的原帖,自动生成：OAuth / public JSON / .rss / old.reddit HTML,用户原帖/社区讨论,reddit讨论,reddit讨论,Reddit用户内容,仅收录过去 36 小时且有准确发布时间的条目；无日期/过期内容只进入状态区,reddit讨论,Mullvad
社区,Reddit,r/nordvpn,https://www.reddit.com/r/nordvpn/,相关产品用户,是,是,每周,补充并评估是否可持续,竞品消息,45,8,核心日报源,reddit讨论,竞品故障、价格、取消、节点、客服痛点,Reddit OAuth 优先；失败后尝试 public JSON、RSS、old.reddit；只保留时效窗口内且有发布时间的原帖,自动生成：OAuth / public JSON / .rss / old.reddit HTML,用户原帖/社区讨论,reddit讨论,reddit讨论,Reddit用户内容,仅收录过去 36 小时且有准确发布时间的条目；无日期/过期内容只进入状态区,reddit讨论,NordVPN
社区,Reddit,r/protonvpn,https://www.reddit.com/r/ProtonVPN/,相关产品用户,是,是,每周,补充并评估是否可持续,竞品消息,46,8,核心日报源,reddit讨论,竞品故障、价格、取消、节点、客服痛点,Reddit OAuth 优先；失败后尝试 public JSON、RSS、old.reddit；只保留时效窗口内且有发布时间的原帖,自动生成：OAuth / public JSON / .rss / old.reddit HTML,用户原帖/社区讨论,reddit讨论,reddit讨论,Reddit用户内容,仅收录过去 36 小时且有准确发布时间的条目；无日期/过期内容只进入状态区,reddit讨论,Proton VPN
社区,Reddit,r/UniUK,https://www.reddit.com/r/UniUK/,学生/价格敏感,是,是,每周,设计学生调研入口,学生价格/校园 Wi-Fi 需求,47,7,核心日报源,reddit讨论,学生、价格、校园、真实使用场景,Reddit OAuth 优先；失败后尝试 public JSON、RSS、old.reddit；只保留时效窗口内且有发布时间的原帖,自动生成：OAuth / public JSON / .rss / old.reddit HTML,用户原帖/社区讨论,reddit讨论,reddit讨论,Reddit用户内容,仅收录过去 36 小时且有准确发布时间的条目；无日期/过期内容只进入状态区,reddit讨论,
社区,Reddit,r/Priacy,https://www.reddit.com/r/Piracy/,隐私安全用户,否,是,每月,补充并评估是否可持续,隐私和安全问题，与VPN关联度高,36,4,观察池,reddit讨论,高频问题、真实痛点、需求语言,Reddit OAuth 优先；失败后尝试 public JSON、RSS、old.reddit；只保留时效窗口内且有发布时间的原帖,自动生成：OAuth / public JSON / .rss / old.reddit HTML,用户原帖/社区讨论,reddit讨论,reddit讨论,Reddit用户内容,仅收录过去 36 小时且有准确发布时间的条目；无日期/过期内容只进入状态区,reddit讨论,
社区,Reddit,r/PrivateInternetAccess,https://www.reddit.com/r/PrivateInternetAccess/,技术/隐私用户,否,否,低频,抓取最新帖子、搜索结果和评论标题，识别高频痛点,竞品口碑/故障/需求,49,2,观察池,reddit讨论,竞品故障、价格、取消、节点、客服痛点,Reddit OAuth 优先；失败后尝试 public JSON、RSS、old.reddit；只保留时效窗口内且有发布时间的原帖,自动生成：OAuth / public JSON / .rss / old.reddit HTML,用户原帖/社区讨论,reddit讨论,reddit讨论,Reddit用户内容,仅收录过去 36 小时且有准确发布时间的条目；无日期/过期内容只进入状态区,reddit讨论,Private Internet Access
社区,Reddit,r/vpncoupons,https://www.reddit.com/r/vpncoupons/,价格敏感用户,否,否,低频,找免费 VPN 需求评论,免费版切入点,50,2,观察池,reddit讨论,学生、价格、校园、真实使用场景,Reddit OAuth 优先；失败后尝试 public JSON、RSS、old.reddit；只保留时效窗口内且有发布时间的原帖,自动生成：OAuth / public JSON / .rss / old.reddit HTML,用户原帖/社区讨论,reddit讨论,reddit讨论,Reddit用户内容,仅收录过去 36 小时且有准确发布时间的条目；无日期/过期内容只进入状态区,reddit讨论,
社区,Reddit,r/AskUK,https://www.reddit.com/r/AskUK/,public,否,否,低频,搜索历史帖子,大众认知/价格顾虑,51,1,观察池,reddit讨论,高频问题、真实痛点、需求语言,Reddit OAuth 优先；失败后尝试 public JSON、RSS、old.reddit；只保留时效窗口内且有发布时间的原帖,自动生成：OAuth / public JSON / .rss / old.reddit HTML,用户原帖/社区讨论,reddit讨论,reddit讨论,Reddit用户内容,仅收录过去 36 小时且有准确发布时间的条目；无日期/过期内容只进入状态区,reddit讨论,
社区,Reddit,r/CyberGuides,https://www.reddit.com/r/CyberGuides/,技术/隐私用户,否,否,低频,抓取最新帖子、搜索结果和评论标题，识别高频痛点,行业相关,52,1,观察池,reddit讨论,高频问题、真实痛点、需求语言,Reddit OAuth 优先；失败后尝试 public JSON、RSS、old.reddit；只保留时效窗口内且有发布时间的原帖,自动生成：OAuth / public JSON / .rss / old.reddit HTML,用户原帖/社区讨论,reddit讨论,reddit讨论,Reddit用户内容,仅收录过去 36 小时且有准确发布时间的条目；无日期/过期内容只进入状态区,reddit讨论,
社区,Reddit,r/TechImpact,https://www.reddit.com/r/TechImpact/,技术/隐私用户,否,否,低频,抓取最新帖子、搜索结果和评论标题，识别高频痛点,行业相关,53,1,观察池,reddit讨论,高频问题、真实痛点、需求语言,Reddit OAuth 优先；失败后尝试 public JSON、RSS、old.reddit；只保留时效窗口内且有发布时间的原帖,自动生成：OAuth / public JSON / .rss / old.reddit HTML,用户原帖/社区讨论,reddit讨论,reddit讨论,Reddit用户内容,仅收录过去 36 小时且有准确发布时间的条目；无日期/过期内容只进入状态区,reddit讨论,
社区,Reddit,r/VPN_Guide,https://www.reddit.com/r/VPN_Guide/,技术/隐私用户,否,否,低频,抓取最新帖子、搜索结果和评论标题，识别高频痛点,行业相关,54,1,观察池,reddit讨论,高频问题、真实痛点、需求语言,Reddit OAuth 优先；失败后尝试 public JSON、RSS、old.reddit；只保留时效窗口内且有发布时间的原帖,自动生成：OAuth / public JSON / .rss / old.reddit HTML,用户原帖/社区讨论,reddit讨论,reddit讨论,Reddit用户内容,仅收录过去 36 小时且有准确发布时间的条目；无日期/过期内容只进入状态区,reddit讨论,
社区,Reddit,r/VPNforFreedom,https://www.reddit.com/r/VPNforFreedom/,技术/隐私用户,否,否,低频,抓取最新帖子、搜索结果和评论标题，识别高频痛点,行业相关,55,1,观察池,reddit讨论,高频问题、真实痛点、需求语言,Reddit OAuth 优先；失败后尝试 public JSON、RSS、old.reddit；只保留时效窗口内且有发布时间的原帖,自动生成：OAuth / public JSON / .rss / old.reddit HTML,用户原帖/社区讨论,reddit讨论,reddit讨论,Reddit用户内容,仅收录过去 36 小时且有准确发布时间的条目；无日期/过期内容只进入状态区,reddit讨论,
政策/监管,Government/Regulator,GOV.UK Online Safety Act collection,https://www.gov.uk/government/collections/online-safety-act,政策/合规/品牌团队,是,是,每日,跟踪英国在线安全、年龄验证、VPN 绕过、监管口径与执行时间表,政策风险/公共叙事/合规机会,56,10,核心日报源,政策风险,监管变化、媒体叙事、合规边界,官方页面/RSS/HTTP Last-Modified；只保留时效窗口内的发布或更新,,政府/监管权威源,政策风险,政策风险,政府/监管,仅收录过去 36 小时且有准确发布时间的条目；无日期/过期内容只进入状态区,政策风险,
政策/监管,Government/Regulator,GOV.UK child online rules fact sheet,https://www.gov.uk/government/publications/fact-sheet-new-rules-to-protect-children-online/fact-sheet-new-rules-to-protect-children-online,政策/合规/品牌团队,是,是,每日,跟踪英国在线安全、年龄验证、VPN 绕过、监管口径与执行时间表,政策风险/公共叙事/合规机会,57,10,核心日报源,政策风险,监管变化、媒体叙事、合规边界,官方页面/RSS/HTTP Last-Modified；只保留时效窗口内的发布或更新,,政府/监管权威源,政策风险,政策风险,政府/监管,仅收录过去 36 小时且有准确发布时间的条目；无日期/过期内容只进入状态区,政策风险,
政策/监管,Government/Regulator,ICO & Ofcom age assurance statement,https://ico.org.uk/about-the-ico/media-centre/news-and-blogs/2026/03/joint-statement-from-ico-and-ofcom-on-age-assurance/,政策/合规/品牌团队,是,是,每日,跟踪英国在线安全、年龄验证、VPN 绕过、监管口径与执行时间表,政策风险/公共叙事/合规机会,58,10,核心日报源,政策风险,监管变化、媒体叙事、合规边界,官方页面/RSS/HTTP Last-Modified；只保留时效窗口内的发布或更新,,政府/监管权威源,政策风险,政策风险,政府/监管,仅收录过去 36 小时且有准确发布时间的条目；无日期/过期内容只进入状态区,政策风险,
政策/监管,Government/Regulator,Ofcom Online Safety Act roadmap,https://www.ofcom.org.uk/online-safety/illegal-and-harmful-content/roadmap-to-regulation,政策/合规/品牌团队,是,是,每日,跟踪英国在线安全、年龄验证、VPN 绕过、监管口径与执行时间表,政策风险/公共叙事/合规机会,59,10,核心日报源,政策风险,监管变化、媒体叙事、合规边界,官方页面/RSS/HTTP Last-Modified；只保留时效窗口内的发布或更新,,政府/监管权威源,政策风险,政策风险,政府/监管,仅收录过去 36 小时且有准确发布时间的条目；无日期/过期内容只进入状态区,政策风险,
应用商店,App Store,Apple App Store 搜索：vpn,手动搜索 UK App Store,iOS 用户,是,是,每周,记录 X-VPN 与竞品排名,ASO 排名/评论/关键词,64,8,核心日报源,第三方网站,低星投诉、ASO关键词、退款与取消原因,第三方网页/RSS/API；必须带发布时间，过期和无日期内容隐藏。,,第三方评测/媒体/论坛/搜索,第三方网站,第三方网站,媒体/评测/搜索/其他,仅收录过去 36 小时且有准确发布时间的条目；无日期/过期内容只进入状态区,第三方网站,
媒体,Blog/Media,Comparitech VPN,https://www.comparitech.com/vpn/,隐私/流媒体用户,是,是,每周,记录英国 VPN 推荐,场景与竞品话术,65,8,核心日报源,第三方网站,竞品榜单、评测维度、SEO 话术,第三方网页/RSS/API；必须带发布时间，过期和无日期内容隐藏。,,第三方评测/媒体/论坛/搜索,第三方网站,第三方网站,媒体/评测/搜索/其他,仅收录过去 36 小时且有准确发布时间的条目；无日期/过期内容只进入状态区,第三方网站,
应用商店,Google Play,Google Play 搜索：vpn,手动搜索 UK Google Play,Android 用户,是,是,每周,记录 X-VPN 与竞品排名,ASO 排名/评论/关键词,66,8,核心日报源,第三方网站,低星投诉、ASO关键词、退款与取消原因,第三方网页/RSS/API；必须带发布时间，过期和无日期内容隐藏。,,第三方评测/媒体/论坛/搜索,第三方网站,第三方网站,媒体/评测/搜索/其他,仅收录过去 36 小时且有准确发布时间的条目；无日期/过期内容只进入状态区,第三方网站,
搜索,Google Search,Google UK: best VPN UK,https://www.google.co.uk/search?q=best+vpn+uk,购买前用户,是,是,每周,记录 SEO 竞品与内容角度,搜索需求/竞品内容,67,8,核心日报源,第三方网站,竞品榜单、评测维度、SEO 话术,第三方网页/RSS/API；必须带发布时间，过期和无日期内容隐藏。,,第三方评测/媒体/论坛/搜索,第三方网站,第三方网站,媒体/评测/搜索/其他,仅收录过去 36 小时且有准确发布时间的条目；无日期/过期内容只进入状态区,第三方网站,
媒体,Blog/Media,TechRadar VPN,https://www.techradar.com/vpn,购买前用户,是,是,每周,跟踪推荐榜单变动,竞品卖点/评测维度,68,8,核心日报源,第三方网站,竞品榜单、评测维度、SEO 话术,第三方网页/RSS/API；必须带发布时间，过期和无日期内容隐藏。,,第三方评测/媒体/论坛/搜索,第三方网站,第三方网站,媒体/评测/搜索/其他,仅收录过去 36 小时且有准确发布时间的条目；无日期/过期内容只进入状态区,第三方网站,
社媒,X/Twitter,X 搜索：VPN UK,https://x.com/search?q=VPN%20UK&src=typed_query,隐私/技术用户,是,是,每日,记录实时抱怨/政策话题,舆情/及时需求；开放搜索/非官方账号内容，归入第三方网站,69,8,核心日报源,第三方网站,内容选题、KOC合作、年轻用户表达,第三方网页/RSS/API；必须带发布时间，过期和无日期内容隐藏。,,第三方评测/媒体/论坛/搜索,第三方网站,第三方网站,社媒搜索/非官方,仅收录过去 36 小时且有准确发布时间的条目；无日期/过期内容只进入状态区,第三方网站,
视频,YouTube,YouTube 搜索：best VPN UK,https://www.youtube.com/results?search_query=best+vpn+uk,购买前用户,是,是,每周,找小博主和评论区痛点,KOC/内容合作机会；开放搜索/非官方账号内容，归入第三方网站,70,8,核心日报源,第三方网站,竞品榜单、评测维度、SEO 话术,第三方网页/RSS/API；必须带发布时间，过期和无日期内容隐藏。,,第三方评测/媒体/论坛/搜索,第三方网站,第三方网站,社媒搜索/非官方,仅收录过去 36 小时且有准确发布时间的条目；无日期/过期内容只进入状态区,第三方网站,
视频,YouTube,YouTube 搜索：free VPN UK,https://www.youtube.com/results?search_query=free+vpn+uk,价格敏感用户,是,是,每周,找免费 VPN 需求评论,免费版切入点；开放搜索/非官方账号内容，归入第三方网站,71,8,核心日报源,第三方网站,内容选题、KOC合作、年轻用户表达,第三方网页/RSS/API；必须带发布时间，过期和无日期内容隐藏。,,第三方评测/媒体/论坛/搜索,第三方网站,第三方网站,社媒搜索/非官方,仅收录过去 36 小时且有准确发布时间的条目；无日期/过期内容只进入状态区,第三方网站,
视频,TikTok,TikTok 搜索：VPN UK,https://www.tiktok.com/search?q=vpn%20uk,年轻用户,是,是,每周,观察短视频话术,短视频内容机会；开放搜索/非官方账号内容，归入第三方网站,72,7,核心日报源,第三方网站,内容选题、KOC合作、年轻用户表达,第三方网页/RSS/API；必须带发布时间，过期和无日期内容隐藏。,,第三方评测/媒体/论坛/搜索,第三方网站,第三方网站,社媒搜索/非官方,仅收录过去 36 小时且有准确发布时间的条目；无日期/过期内容只进入状态区,第三方网站,
媒体,Blog/Media,Tom’s Guide VPN,https://www.tomsguide.com/best-picks/best-vpn,购买前用户,是,是,每周,收集竞品维度,内容结构/关键词,73,7,核心日报源,第三方网站,竞品榜单、评测维度、SEO 话术,第三方网页/RSS/API；必须带发布时间，过期和无日期内容隐藏。,,第三方评测/媒体/论坛/搜索,第三方网站,第三方网站,媒体/评测/搜索/其他,仅收录过去 36 小时且有准确发布时间的条目；无日期/过期内容只进入状态区,第三方网站,
第三方,Other,SafePaper,https://safepaper.io,public,是,是,每月,补充并评估是否可持续,独立性较高的VPN评测网站,74,6,周更重点源,第三方网站,低频补充、异常信号、候选来源,第三方网页/RSS/API；必须带发布时间，过期和无日期内容隐藏。,,第三方评测/媒体/论坛/搜索,第三方网站,第三方网站,媒体/评测/搜索/其他,仅收录过去 36 小时且有准确发布时间的条目；无日期/过期内容只进入状态区,第三方网站,
第三方,Other,Trustpilot,https://www.trustpilot.com,public,是,是,每月,补充并评估是否可持续,查看 VPN 品牌在用户中的投诉点，如退款、自动续费、速度、客服、解锁失败（主要评论在美国）,75,6,周更重点源,第三方网站,低星投诉、ASO关键词、退款与取消原因,第三方网页/RSS/API；必须带发布时间，过期和无日期内容隐藏。,,第三方评测/媒体/论坛/搜索,第三方网站,第三方网站,媒体/评测/搜索/其他,仅收录过去 36 小时且有准确发布时间的条目；无日期/过期内容只进入状态区,第三方网站,
第三方,Other,VPNCompare,https://www.vpncompare.co.uk,public,是,是,每月,补充并评估是否可持续,英国本地化重点VPN评测网站,76,6,周更重点源,第三方网站,竞品榜单、评测维度、SEO 话术,第三方网页/RSS/API；必须带发布时间，过期和无日期内容隐藏。,,第三方评测/媒体/论坛/搜索,第三方网站,第三方网站,媒体/评测/搜索/其他,仅收录过去 36 小时且有准确发布时间的条目；无日期/过期内容只进入状态区,第三方网站,
第三方,Other,top 10 VPN,https://www.top10vpn.com/reviews/x-vpn/,public,是,是,每月,独立审计/排行,有X的相关评测但最新更新还是24年,77,6,周更重点源,第三方网站,X-VPN 评分、缺点、可信度修复,第三方网页/RSS/API；必须带发布时间，过期和无日期内容隐藏。,,第三方评测/媒体/论坛/搜索,第三方网站,第三方网站,媒体/评测/搜索/其他,仅收录过去 36 小时且有准确发布时间的条目；无日期/过期内容只进入状态区,第三方网站,X-VPN
第三方,Other,Privacy Academy,https://privacyacademy.com,隐私安全用户,否,是,每月,审计、协议、泄漏测试、无日志信任,隐私安全讨论论坛，有各类隐私政策测评内容,60,5,周更重点源,第三方网站,审计透明、协议安全、泄漏风险,官方页面/RSS/HTTP Last-Modified；只保留时效窗口内的发布或更新,,第三方评测/媒体/论坛/搜索,第三方网站,第三方网站,媒体/评测/搜索/其他,仅收录过去 36 小时且有准确发布时间的条目；无日期/过期内容只进入状态区,第三方网站,
社区,Discord,游戏玩家 Discord 群,已加入fortnite,游戏用户,是,否,每周,寻找测试用户,游戏 Ping 反馈,78,5,周更重点源,第三方网站,低频补充、异常信号、候选来源,第三方网页/RSS/API；必须带发布时间，过期和无日期内容隐藏。,,第三方评测/媒体/论坛/搜索,第三方网站,第三方网站,媒体/评测/搜索/其他,仅收录过去 36 小时且有准确发布时间的条目；无日期/过期内容只进入状态区,第三方网站,
社区,Discord,英国留学生 Discord 群,待补充邀请链接,留学/旅行用户,是,否,每周,通过学生渠道找群,种子用户招募,79,5,周更重点源,第三方网站,低频补充、异常信号、候选来源,第三方网页/RSS/API；必须带发布时间，过期和无日期内容隐藏。,,第三方评测/媒体/论坛/搜索,第三方网站,第三方网站,媒体/评测/搜索/其他,仅收录过去 36 小时且有准确发布时间的条目；无日期/过期内容只进入状态区,第三方网站,
社区,Forum,Privacyguides,https://discuss.privacyguides.net,隐私安全用户,否,否,每月,补充并评估是否可持续,隐私安全讨论论坛，有各类隐私政策测评内容,61,3,观察池,第三方网站,审计透明、协议安全、泄漏风险,官方页面/RSS/HTTP Last-Modified；只保留时效窗口内的发布或更新,,第三方评测/媒体/论坛/搜索,第三方网站,第三方网站,媒体/评测/搜索/其他,仅收录过去 36 小时且有准确发布时间的条目；无日期/过期内容只进入状态区,第三方网站,
媒体,Blog/Media,Security.org VPN Reviews,https://www.security.org/vpn/,隐私安全用户,否,否,每月,抽取评测维度,信任背书/隐私维度,80,2,观察池,第三方网站,竞品榜单、评测维度、SEO 话术,第三方网页/RSS/API；必须带发布时间，过期和无日期内容隐藏。,,第三方评测/媒体/论坛/搜索,第三方网站,第三方网站,媒体/评测/搜索/其他,仅收录过去 36 小时且有准确发布时间的条目；无日期/过期内容只进入状态区,第三方网站,
新闻网站,media,bbc,https://www.bbc.com/,public,否,否,低频,补充并评估是否可持续,政策信息,62,2,观察池,第三方网站,低频补充、异常信号、候选来源,官方页面/RSS/HTTP Last-Modified；只保留时效窗口内的发布或更新,,第三方评测/媒体/论坛/搜索,第三方网站,第三方网站,媒体/评测/搜索/其他,仅收录过去 36 小时且有准确发布时间的条目；无日期/过期内容只进入状态区,第三方网站,
第三方,Other,PC Gamer,https://www.pcgamer.com/best-vpn-for-pc-gaming/,游戏用户,否,否,低频,补充并评估是否可持续,游戏向VPN内容,81,1,观察池,第三方网站,竞品榜单、评测维度、SEO 话术,第三方网页/RSS/API；必须带发布时间，过期和无日期内容隐藏。,,第三方评测/媒体/论坛/搜索,第三方网站,第三方网站,媒体/评测/搜索/其他,仅收录过去 36 小时且有准确发布时间的条目；无日期/过期内容只进入状态区,第三方网站,
第三方,Other,PrivacySavvy,https://privacysavvy.com/vpn/best/age-verification-vpn/,public,否,否,低频,补充并评估是否可持续,Affiliate 属性较强，需注意商业推荐偏向,82,1,观察池,第三方网站,竞品榜单、评测维度、SEO 话术,第三方网页/RSS/API；必须带发布时间，过期和无日期内容隐藏。,,第三方评测/媒体/论坛/搜索,第三方网站,第三方网站,媒体/评测/搜索/其他,仅收录过去 36 小时且有准确发布时间的条目；无日期/过期内容只进入状态区,第三方网站,
第三方,Other,ProPrivacy,https://proprivacy.com/vpn/comparison/best-iphone-vpns#,public,否,否,低频,补充并评估是否可持续,Affiliate 属性较强，需注意商业推荐偏向,83,1,观察池,第三方网站,竞品榜单、评测维度、SEO 话术,第三方网页/RSS/API；必须带发布时间，过期和无日期内容隐藏。,,第三方评测/媒体/论坛/搜索,第三方网站,第三方网站,媒体/评测/搜索/其他,仅收录过去 36 小时且有准确发布时间的条目；无日期/过期内容只进入状态区,第三方网站,
社区,Forum,The Student Room,https://www.thestudentroom.co.uk/,学生/价格敏感,否,否,低频,调研合作/帖子观察,学生使用场景,84,1,观察池,第三方网站,低频补充、异常信号、候选来源,第三方网页/RSS/API；必须带发布时间，过期和无日期内容隐藏。,,第三方评测/媒体/论坛/搜索,第三方网站,第三方网站,媒体/评测/搜索/其他,仅收录过去 36 小时且有准确发布时间的条目；无日期/过期内容只进入状态区,第三方网站,
第三方,Other,Which?,https://www.which.co.uk/reviews/vpn-services/article/guides,public,否,否,低频,补充并评估是否可持续,VPN信息较少，但26年有一篇VPN评测,85,1,观察池,第三方网站,竞品榜单、评测维度、SEO 话术,第三方网页/RSS/API；必须带发布时间，过期和无日期内容隐藏。,,第三方评测/媒体/论坛/搜索,第三方网站,第三方网站,媒体/评测/搜索/其他,仅收录过去 36 小时且有准确发布时间的条目；无日期/过期内容只进入状态区,第三方网站,
第三方,Other,WizCase,https://zh.wizcase.com/vpn-reviews/,public,否,否,低频,补充并评估是否可持续,Affiliate 属性较强，需注意商业推荐偏向,86,1,观察池,第三方网站,竞品榜单、评测维度、SEO 话术,第三方网页/RSS/API；必须带发布时间，过期和无日期内容隐藏。,,第三方评测/媒体/论坛/搜索,第三方网站,第三方网站,媒体/评测/搜索/其他,仅收录过去 36 小时且有准确发布时间的条目；无日期/过期内容只进入状态区,第三方网站,
第三方,Other,the best VPN,https://thebestvpn.com,public,否,否,低频,补充并评估是否可持续,Affiliate 属性较强，需注意商业推荐偏向,87,1,观察池,第三方网站,竞品榜单、评测维度、SEO 话术,第三方网页/RSS/API；必须带发布时间，过期和无日期内容隐藏。,,第三方评测/媒体/论坛/搜索,第三方网站,第三方网站,媒体/评测/搜索/其他,仅收录过去 36 小时且有准确发布时间的条目；无日期/过期内容只进入状态区,第三方网站,
第三方,Other,vpnMentor,https://www.vpnmentor.com,public,否,否,低频,补充并评估是否可持续,Affiliate 属性较强，需注意商业推荐偏向,88,1,观察池,第三方网站,竞品榜单、评测维度、SEO 话术,第三方网页/RSS/API；必须带发布时间，过期和无日期内容隐藏。,,第三方评测/媒体/论坛/搜索,第三方网站,第三方网站,媒体/评测/搜索/其他,仅收录过去 36 小时且有准确发布时间的条目；无日期/过期内容只进入状态区,第三方网站,
第三方,Other,vpntierlist,https://vpntierlists.com,public,否,否,低频,补充并评估是否可持续,Affiliate 属性较强，需注意商业推荐偏向,89,1,观察池,第三方网站,低频补充、异常信号、候选来源,第三方网页/RSS/API；必须带发布时间，过期和无日期内容隐藏。,,第三方评测/媒体/论坛/搜索,第三方网站,第三方网站,媒体/评测/搜索/其他,仅收录过去 36 小时且有准确发布时间的条目；无日期/过期内容只进入状态区,第三方网站,
